Source,Target,Weight
os,sys,283
sys,os,283
os,time,118
time,os,118
os,re,101
re,os,101
time,sys,97
sys,time,97
os,django,93
django,os,93
django,sys,91
sys,django,91
numpy,matplotlib,86
matplotlib,numpy,86
re,sys,86
sys,re,86
os,numpy,82
numpy,os,82
logging,os,73
os,logging,73
os,datetime,70
datetime,os,70
os,json,70
json,os,70
os,setuptools,66
setuptools,os,66
numpy,sys,66
sys,numpy,66
datetime,sys,60
sys,datetime,60
os,argparse,60
argparse,os,60
json,sys,57
sys,json,57
os,__future__,57
__future__,os,57
time,re,55
re,time,55
os,subprocess,54
subprocess,os,54
numpy,sklearn,53
sklearn,numpy,53
time,datetime,52
datetime,time,52
time,json,51
json,time,51
pandas,numpy,50
numpy,pandas,50
logging,sys,49
sys,logging,49
os,random,49
random,os,49
sys,subprocess,48
subprocess,sys,48
argparse,sys,48
sys,argparse,48
__future__,sys,48
random,sys,48
sys,__future__,48
sys,random,48
sklearn,matplotlib,46
matplotlib,sklearn,46
os,requests,45
requests,os,45
numpy,tensorflow,45
tensorflow,numpy,45
time,numpy,44
numpy,time,44
logging,time,43
time,logging,43
os,matplotlib,42
matplotlib,os,42
math,sys,40
sys,math,40
setuptools,sys,39
sys,setuptools,39
re,json,39
json,re,39
datetime,json,38
json,datetime,38
numpy,scipy,37
scipy,numpy,37
requests,sys,37
sys,requests,37
time,requests,37
requests,time,37
time,random,37
random,time,37
os,collections,36
collections,os,36
os,shutil,36
shutil,os,36
os,homeassistant,36
homeassistant,os,36
homeassistant,logging,36
homeassistant,evdev,36
logging,homeassistant,36
evdev,homeassistant,36
os,math,35
math,os,35
requests,re,34
datetime,re,34
re,requests,34
re,datetime,34
requests,json,34
json,requests,34
time,threading,34
threading,time,34
matplotlib,sys,34
sys,matplotlib,34
os,urllib,33
collections,sys,33
urllib,os,33
sys,collections,33
time,urllib,32
urllib,time,32
urllib,json,32
urllib,sys,32
json,urllib,32
sys,urllib,32
re,__future__,32
__future__,re,32
os,glob,32
glob,os,32
os,distutils,32
distutils,os,32
requests,datetime,31
datetime,requests,31
math,numpy,31
numpy,math,31
numpy,re,30
re,numpy,30
setuptools,re,29
re,setuptools,29
os,unittest,29
time,argparse,29
argparse,time,29
unittest,os,29
os,tensorflow,29
tensorflow,os,29
shutil,sys,29
sys,shutil,29
re,subprocess,28
subprocess,re,28
os,threading,28
threading,os,28
time,subprocess,28
subprocess,time,28
sklearn,pandas,28
pandas,sklearn,28
hashlib,sys,27
sys,hashlib,27
os,socket,27
threading,sys,27
socket,os,27
sys,threading,27
numpy,random,27
random,numpy,27
logging,datetime,26
datetime,logging,26
time,socket,26
socket,time,26
re,random,26
random,re,26
os,codecs,26
codecs,os,26
distutils,sys,26
sys,distutils,26
pandas,matplotlib,26
matplotlib,pandas,26
os,hashlib,25
hashlib,os,25
socket,sys,25
sys,socket,25
time,collections,25
collections,time,25
numpy,cv2,25
cv2,numpy,25
urllib,re,25
re,urllib,25
os,io,24
io,os,24
time,__future__,24
__future__,time,24
logging,re,24
re,logging,24
numpy,argparse,24
argparse,numpy,24
sys,codecs,24
codecs,sys,24
setuptools,__future__,24
logging,__future__,24
__future__,setuptools,24
__future__,logging,24
argparse,re,24
re,argparse,24
sys,homeassistant,24
homeassistant,sys,24
homeassistant,time,24
homeassistant,voluptuous,24
time,homeassistant,24
voluptuous,homeassistant,24
mypy,os,24
os,mypy,24
time,math,23
math,time,23
unittest,sys,23
sys,unittest,23
glob,sys,23
sys,glob,23
setuptools,unittest,23
unittest,setuptools,23
scipy,matplotlib,22
matplotlib,scipy,22
random,math,22
math,random,22
collections,re,22
re,collections,22
logging,argparse,22
argparse,logging,22
scipy,sys,21
sys,scipy,21
requests,subprocess,21
sys,io,21
io,sys,21
subprocess,requests,21
__future__,numpy,21
numpy,__future__,21
logging,json,21
os,functools,21
os,base64,21
functools,os,21
base64,os,21
json,logging,21
datetime,urllib,21
argparse,json,21
urllib,datetime,21
json,argparse,21
setuptools,distutils,21
distutils,setuptools,21
shutil,re,21
re,shutil,21
__future__,json,21
json,__future__,21
sqlalchemy,flask,21
flask,sqlalchemy,21
datetime,numpy,20
numpy,datetime,20
os,flask,20
flask,os,20
re,io,20
io,re,20
collections,json,20
json,collections,20
copy,sys,20
sys,copy,20
tensorflow,matplotlib,20
matplotlib,tensorflow,20
os,itertools,20
itertools,os,20
base64,sys,20
sys,base64,20
logging,requests,19
requests,logging,19
os,tempfile,19
csv,sys,19
sys,csv,19
sys,tempfile,19
tempfile,os,19
tempfile,sys,19
sys,pickle,19
pickle,sys,19
json,flask,18
flask,json,18
os,scipy,18
os,sklearn,18
scipy,os,18
sklearn,os,18
time,base64,18
re,base64,18
base64,time,18
base64,re,18
os,struct,18
struct,os,18
time,hashlib,18
hashlib,time,18
urllib2,time,18
time,urllib2,18
os,copy,18
copy,os,18
os,traceback,18
traceback,os,18
traceback,sys,18
sys,traceback,18
time,shutil,18
collections,logging,18
os,textwrap,18
functools,sys,18
logging,collections,18
shutil,time,18
sys,functools,18
textwrap,os,18
yaml,sys,18
sys,yaml,18
random,json,18
json,random,18
os,pickle,18
pickle,os,18
math,matplotlib,18
matplotlib,math,18
time,traceback,17
traceback,time,17
setuptools,subprocess,17
datetime,subprocess,17
subprocess,setuptools,17
subprocess,datetime,17
os,csv,17
csv,os,17
bs4,requests,17
functools,re,17
requests,bs4,17
re,functools,17
re,math,17
math,re,17
logging,socket,17
struct,sys,17
socket,logging,17
sys,struct,17
collections,datetime,17
datetime,collections,17
os,cv2,17
cv2,os,17
__future__,random,17
random,__future__,17
sys,sklearn,17
sklearn,sys,17
sets,sys,17
sys,sets,17
sys,textwrap,17
textwrap,sys,17
__future__,argparse,17
argparse,__future__,17
shutil,subprocess,17
hashlib,json,17
urllib,requests,17
requests,urllib,17
json,hashlib,17
json,subprocess,17
subprocess,shutil,17
subprocess,json,17
threading,json,17
json,threading,17
random,datetime,17
datetime,random,17
hashlib,re,16
hashlib,datetime,16
flask,sys,16
re,hashlib,16
sys,flask,16
datetime,hashlib,16
os,bs4,16
bs4,os,16
base64,json,16
json,base64,16
numpy,pickle,16
pickle,numpy,16
string,sys,16
sys,string,16
urllib2,json,16
urllib2,sys,16
time,csv,16
datetime,argparse,16
argparse,datetime,16
json,urllib2,16
csv,time,16
sys,urllib2,16
tensorflow,sys,16
sys,tensorflow,16
setuptools,logging,16
os,sets,16
itertools,sys,16
logging,setuptools,16
sets,os,16
sys,itertools,16
socket,re,16
sqlalchemy,logging,16
logging,sqlalchemy,16
re,socket,16
typing,mypy,16
mypy,typing,16
mypy,sys,16
sys,mypy,16
json,traceback,15
traceback,json,15
os,PIL,15
PIL,os,15
pandas,datetime,15
datetime,pandas,15
keras,numpy,15
numpy,keras,15
hashlib,requests,15
requests,hashlib,15
io,datetime,15
datetime,io,15
random,matplotlib,15
matplotlib,random,15
re,csv,15
csv,re,15
os,multiprocessing,15
time,functools,15
functools,time,15
multiprocessing,os,15
threading,socket,15
socket,threading,15
os,urllib2,15
urllib2,os,15
urllib2,urllib,15
time,unittest,15
collections,argparse,15
argparse,collections,15
urllib,urllib2,15
unittest,time,15
glob,argparse,15
glob,subprocess,15
argparse,glob,15
subprocess,glob,15
collections,__future__,15
hashlib,base64,15
io,__future__,15
datetime,__future__,15
datetime,shutil,15
datetime,django,15
base64,hashlib,15
__future__,collections,15
__future__,io,15
__future__,datetime,15
shutil,datetime,15
django,datetime,15
distutils,re,15
re,distutils,15
requests,random,15
random,requests,15
threading,random,15
random,threading,15
numpy,json,15
json,numpy,15
socket,json,15
json,socket,15
urllib,random,15
random,urllib,15
os,yaml,15
yaml,os,15
setuptools,io,14
io,setuptools,14
logging,base64,14
bs4,re,14
re,bs4,14
base64,logging,14
struct,time,14
time,struct,14
datetime,threading,14
datetime,socket,14
threading,datetime,14
socket,datetime,14
time,io,14
io,time,14
time,cv2,14
multiprocessing,sys,14
cv2,time,14
sys,multiprocessing,14
os,platform,14
os,warnings,14
platform,os,14
platform,sys,14
warnings,os,14
sys,platform,14
threading,re,14
re,threading,14
argparse,random,14
random,argparse,14
distutils,codecs,14
codecs,distutils,14
glob,time,14
time,glob,14
unittest,re,14
re,unittest,14
typing,os,14
os,typing,14
glob,re,14
re,glob,14
collections,numpy,14
numpy,collections,14
locale,sys,14
sys,locale,14
datetime,flask,13
datetime,traceback,13
flask,datetime,13
traceback,datetime,13
setuptools,requests,13
flask,requests,13
requests,setuptools,13
requests,flask,13
sys,PIL,13
PIL,sys,13
functools,datetime,13
requests,base64,13
math,json,13
datetime,functools,13
datetime,base64,13
base64,requests,13
base64,datetime,13
json,math,13
pandas,time,13
time,pandas,13
os,string,13
string,os,13
json,io,13
io,json,13
os,lib,13
os,zipfile,13
lib,os,13
cv2,sys,13
zipfile,os,13
sys,cv2,13
argparse,subprocess,13
subprocess,argparse,13
struct,re,13
io,logging,13
os,importlib,13
os,imp,13
importlib,os,13
logging,io,13
imp,os,13
__future__,django,13
shutil,tempfile,13
django,__future__,13
tempfile,shutil,13
tempfile,re,13
distutils,textwrap,13
warnings,sys,13
re,struct,13
re,tempfile,13
sys,warnings,13
textwrap,distutils,13
setuptools,numpy,13
numpy,setuptools,13
re,urllib2,13
random,string,13
urllib2,re,13
string,random,13
re,codecs,13
codecs,re,13
glob,numpy,13
numpy,glob,13
numpy,shutil,13
shutil,numpy,13
random,subprocess,13
subprocess,random,13
shutil,requests,13
urllib,subprocess,13
requests,shutil,13
subprocess,urllib,13
codecs,sets,13
sets,codecs,13
numpy,itertools,13
itertools,numpy,13
locale,os,13
os,locale,13
pandas,os,13
pandas,sys,13
os,pandas,13
sys,pandas,13
numpy,csv,13
csv,numpy,13
time,flask,12
flask,time,12
time,matplotlib,12
scipy,sklearn,12
sklearn,scipy,12
matplotlib,time,12
matplotlib,pylab,12
pylab,matplotlib,12
logging,functools,12
os,email,12
os,sqlite3,12
bs4,time,12
email,os,12
email,time,12
email,re,12
time,bs4,12
time,email,12
time,multiprocessing,12
functools,logging,12
sqlite3,os,12
multiprocessing,time,12
re,email,12
math,datetime,12
datetime,math,12
logging,threading,12
threading,logging,12
os,StringIO,12
collections,io,12
argparse,urllib,12
urllib,argparse,12
StringIO,os,12
StringIO,sys,12
sys,StringIO,12
io,collections,12
copy,re,12
tensorflow,__future__,12
re,copy,12
__future__,tensorflow,12
__future__,math,12
math,__future__,12
setuptools,time,12
time,setuptools,12
collections,functools,12
hashlib,__future__,12
os,errno,12
errno,os,12
functools,collections,12
base64,shutil,12
logging,shutil,12
imp,sys,12
__future__,hashlib,12
__future__,distutils,12
shutil,base64,12
shutil,logging,12
distutils,__future__,12
distutils,sets,12
sets,distutils,12
sets,textwrap,12
sys,imp,12
textwrap,sets,12
logging,random,12
random,logging,12
bs4,sys,12
re,string,12
sys,bs4,12
string,re,12
scipy,math,12
math,scipy,12
socket,__future__,12
__future__,socket,12
socket,subprocess,12
sqlalchemy,os,12
logging,urllib,12
logging,subprocess,12
urllib,logging,12
os,sqlalchemy,12
subprocess,socket,12
subprocess,logging,12
threading,subprocess,12
threading,urllib,12
json,setuptools,12
sqlite3,sys,12
subprocess,threading,12
subprocess,__future__,12
__future__,subprocess,12
setuptools,json,12
urllib,threading,12
os,builtins,12
sys,sqlite3,12
sys,builtins,12
builtins,os,12
builtins,sys,12
builtins,sets,12
sets,builtins,12
sqlalchemy,alembic,12
alembic,sqlalchemy,12
json,django,12
django,json,12
requests,numpy,12
numpy,requests,12
__builtin__,os,12
__builtin__,sys,12
os,__builtin__,12
sys,__builtin__,12
numpy,pylab,12
pylab,numpy,12
inspect,homeassistant,12
homeassistant,inspect,12
homeassistant,setup,12
homeassistant,asyncio,12
homeassistant,collections,12
homeassistant,typing,12
homeassistant,colorlog,12
homeassistant,-error,12
homeassistant,threading,12
setup,homeassistant,12
asyncio,homeassistant,12
collections,homeassistant,12
typing,homeassistant,12
colorlog,homeassistant,12
-error,homeassistant,12
threading,homeassistant,12
pandas,re,11
re,pandas,11
requests,io,11
io,requests,11
os,site,11
types,sys,11
site,os,11
sys,types,11
functools,json,11
json,functools,11
time,string,11
string,time,11
time,tempfile,11
unittest,json,11
json,unittest,11
tempfile,time,11
copy,math,11
copy,numpy,11
math,copy,11
numpy,copy,11
os,signal,11
signal,os,11
signal,sys,11
sys,signal,11
copy,time,11
time,copy,11
zipfile,re,11
zipfile,sys,11
re,zipfile,11
sys,zipfile,11
time,itertools,11
time,platform,11
itertools,time,11
errno,re,11
errno,sys,11
functools,__future__,11
base64,__future__,11
importlib,logging,11
importlib,__future__,11
importlib,sys,11
logging,importlib,11
__future__,functools,11
__future__,base64,11
__future__,importlib,11
__future__,shutil,11
shutil,__future__,11
platform,time,11
platform,re,11
re,errno,11
re,platform,11
sys,errno,11
sys,importlib,11
setuptools,pytest,11
pytest,setuptools,11
itertools,random,11
random,itertools,11
setuptools,codecs,11
codecs,setuptools,11
pandas,json,11
json,pandas,11
xml,sys,11
sys,xml,11
os,config,11
config,os,11
hashlib,urllib,11
socket,urllib,11
urllib,hashlib,11
urllib,socket,11
urllib,base64,11
base64,urllib,11
logging,unittest,11
__future__,requests,11
codecs,builtins,11
unittest,logging,11
requests,__future__,11
builtins,codecs,11
collections,subprocess,11
subprocess,collections,11
argparse,requests,11
requests,argparse,11
textwrap,codecs,11
sets,__builtin__,11
__builtin__,sets,11
__builtin__,builtins,11
locale,codecs,11
codecs,textwrap,11
codecs,locale,11
builtins,__builtin__,11
os,utils,11
utils,os,11
PIL,numpy,10
numpy,PIL,10
setuptools,datetime,10
hashlib,io,10
io,hashlib,10
datetime,setuptools,10
os,types,10
types,os,10
site,sys,10
sys,site,10
logging,email,10
email,logging,10
email,datetime,10
time,sqlite3,10
functools,requests,10
sqlite3,time,10
sqlite3,datetime,10
requests,functools,10
datetime,email,10
datetime,sqlite3,10
logging,struct,10
logging,hashlib,10
struct,logging,10
hashlib,logging,10
time,StringIO,10
collections,urllib,10
datetime,StringIO,10
datetime,csv,10
urllib,collections,10
StringIO,time,10
StringIO,datetime,10
StringIO,io,10
csv,datetime,10
io,StringIO,10
os,six,10
numpy,multiprocessing,10
numpy,model,10
six,os,10
six,sys,10
copy,__future__,10
time,zipfile,10
lib,sys,10
multiprocessing,numpy,10
tensorflow,random,10
zipfile,time,10
__future__,copy,10
random,tensorflow,10
model,numpy,10
sys,six,10
sys,lib,10
numpy,torch,10
torch,numpy,10
setuptools,shutil,10
time,errno,10
hashlib,shutil,10
struct,__future__,10
io,base64,10
errno,time,10
errno,__future__,10
base64,io,10
email,sys,10
__future__,struct,10
__future__,errno,10
__future__,tempfile,10
__future__,StringIO,10
shutil,setuptools,10
shutil,hashlib,10
tempfile,__future__,10
StringIO,__future__,10
StringIO,re,10
re,StringIO,10
sys,email,10
threading,requests,10
threading,urllib2,10
collections,requests,10
requests,threading,10
requests,collections,10
requests,urllib2,10
random,urllib2,10
urllib2,threading,10
urllib2,requests,10
urllib2,random,10
argparse,shutil,10
shutil,argparse,10
lib,importlib,10
importlib,lib,10
subprocess,tempfile,10
tempfile,subprocess,10
os,inspect,10
sys,inspect,10
inspect,os,10
inspect,sys,10
uuid,json,10
uuid,os,10
uuid,datetime,10
shutil,json,10
socket,requests,10
sqlalchemy,sys,10
logging,flask,10
requests,socket,10
json,uuid,10
json,shutil,10
os,uuid,10
sys,sqlalchemy,10
flask,logging,10
datetime,uuid,10
copy,json,10
json,copy,10
ConfigParser,os,10
ConfigParser,sys,10
socket,random,10
__future__,unittest,10
__future__,urllib,10
traceback,re,10
unittest,__future__,10
unittest,requests,10
urllib,__future__,10
random,socket,10
random,pickle,10
re,traceback,10
requests,unittest,10
os,ConfigParser,10
sys,ConfigParser,10
pickle,random,10
signal,time,10
typing,sys,10
sys,typing,10
time,signal,10
core,progdb,10
arch,progdb,10
progdb,core,10
progdb,arch,10
textwrap,usercustomize,10
textwrap,sitecustomize,10
textwrap,__builtin__,10
textwrap,locale,10
textwrap,site'',10
textwrap,encodings,10
textwrap,pydoc,10
textwrap,builtins,10
usercustomize,textwrap,10
usercustomize,sets,10
usercustomize,sitecustomize,10
usercustomize,distutils,10
usercustomize,__builtin__,10
usercustomize,locale,10
usercustomize,site'',10
usercustomize,encodings,10
usercustomize,pydoc,10
usercustomize,os,10
usercustomize,sys,10
usercustomize,codecs,10
usercustomize,builtins,10
sets,usercustomize,10
sets,sitecustomize,10
sets,locale,10
sets,site'',10
sets,encodings,10
sets,pydoc,10
sitecustomize,textwrap,10
sitecustomize,usercustomize,10
sitecustomize,sets,10
sitecustomize,distutils,10
sitecustomize,__builtin__,10
sitecustomize,locale,10
sitecustomize,site'',10
sitecustomize,encodings,10
sitecustomize,pydoc,10
sitecustomize,os,10
sitecustomize,sys,10
sitecustomize,codecs,10
sitecustomize,builtins,10
distutils,usercustomize,10
distutils,sitecustomize,10
distutils,__builtin__,10
distutils,locale,10
distutils,site'',10
distutils,encodings,10
distutils,pydoc,10
distutils,builtins,10
__builtin__,textwrap,10
__builtin__,usercustomize,10
__builtin__,sitecustomize,10
__builtin__,distutils,10
__builtin__,locale,10
__builtin__,site'',10
__builtin__,encodings,10
__builtin__,pydoc,10
__builtin__,codecs,10
locale,textwrap,10
locale,usercustomize,10
locale,sets,10
locale,sitecustomize,10
locale,distutils,10
locale,__builtin__,10
locale,site'',10
locale,encodings,10
locale,pydoc,10
locale,builtins,10
site'',textwrap,10
site'',usercustomize,10
site'',sets,10
site'',sitecustomize,10
site'',distutils,10
site'',__builtin__,10
site'',locale,10
site'',encodings,10
site'',pydoc,10
site'',os,10
site'',sys,10
site'',codecs,10
site'',builtins,10
encodings,textwrap,10
encodings,usercustomize,10
encodings,sets,10
encodings,sitecustomize,10
encodings,distutils,10
encodings,__builtin__,10
encodings,locale,10
encodings,site'',10
encodings,pydoc,10
encodings,os,10
encodings,sys,10
encodings,codecs,10
encodings,builtins,10
pydoc,textwrap,10
pydoc,usercustomize,10
pydoc,sets,10
pydoc,sitecustomize,10
pydoc,distutils,10
pydoc,__builtin__,10
pydoc,locale,10
pydoc,site'',10
pydoc,encodings,10
pydoc,os,10
pydoc,sys,10
pydoc,codecs,10
pydoc,builtins,10
os,usercustomize,10
os,sitecustomize,10
os,site'',10
os,encodings,10
os,pydoc,10
sys,usercustomize,10
sys,sitecustomize,10
sys,site'',10
sys,encodings,10
sys,pydoc,10
codecs,usercustomize,10
codecs,sitecustomize,10
codecs,__builtin__,10
codecs,site'',10
codecs,encodings,10
codecs,pydoc,10
builtins,textwrap,10
builtins,usercustomize,10
builtins,sitecustomize,10
builtins,distutils,10
builtins,locale,10
builtins,site'',10
builtins,encodings,10
builtins,pydoc,10
numpy,subprocess,10
subprocess,numpy,10
flask_migrate,sqlalchemy,10
sqlalchemy,flask_migrate,10
sqlalchemy,myapp,10
sqlalchemy,__future__,10
myapp,sqlalchemy,10
__future__,sqlalchemy,10
scipy,pandas,10
pandas,scipy,10
pickle,matplotlib,10
matplotlib,pickle,10
PIL,time,9
time,PIL,9
time,sklearn,9
sklearn,time,9
setuptools,hashlib,9
hashlib,setuptools,9
flask,re,9
re,flask,9
email,functools,9
email,base64,9
functools,email,9
functools,math,9
functools,base64,9
sqlite3,re,9
requests,math,9
re,sqlite3,9
math,functools,9
math,requests,9
base64,email,9
base64,functools,9
time,pickle,9
pickle,time,9
struct,datetime,9
struct,socket,9
datetime,struct,9
socket,struct,9
os,pytest,9
urllib2,datetime,9
datetime,urllib2,9
datetime,tempfile,9
pytest,os,9
pytest,sys,9
StringIO,json,9
json,StringIO,9
sys,pytest,9
tempfile,datetime,9
copy,random,9
time,tensorflow,9
lib,__future__,9
tensorflow,time,9
__future__,lib,9
random,copy,9
time,codecs,9
codecs,time,9
os,keras,9
keras,os,9
setuptools,collections,9
time,django,9
time,distutils,9
collections,setuptools,9
hashlib,functools,9
hashlib,StringIO,9
struct,base64,9
struct,shutil,9
io,functools,9
io,email,9
io,shutil,9
itertools,re,9
errno,logging,9
functools,hashlib,9
functools,io,9
functools,shutil,9
zipfile,datetime,9
datetime,zipfile,9
base64,struct,9
base64,StringIO,9
logging,errno,9
logging,django,9
logging,tempfile,9
email,io,9
__future__,warnings,9
shutil,struct,9
shutil,io,9
shutil,functools,9
django,time,9
django,logging,9
django,re,9
tempfile,logging,9
operator,sys,9
distutils,time,9
warnings,__future__,9
warnings,re,9
StringIO,hashlib,9
StringIO,base64,9
re,itertools,9
re,django,9
re,warnings,9
sys,operator,9
pylab,sys,9
collections,random,9
random,collections,9
sys,pylab,9
requests,traceback,9
traceback,requests,9
os,torch,9
argparse,math,9
math,argparse,9
torch,os,9
__future__,codecs,9
codecs,__future__,9
glob,random,9
glob,shutil,9
random,glob,9
random,shutil,9
shutil,glob,9
shutil,random,9
os,xml,9
xml,os,9
errno,socket,9
hashlib,math,9
socket,errno,9
socket,base64,9
base64,socket,9
base64,subprocess,9
subprocess,base64,9
math,hashlib,9
sys,config,9
config,sys,9
ConfigParser,time,9
socket,io,9
base64,urllib2,9
urllib2,base64,9
urllib2,hashlib,9
__future__,string,9
__future__,traceback,9
codecs,hashlib,9
io,socket,9
string,__future__,9
traceback,__future__,9
traceback,random,9
traceback,math,9
random,traceback,9
random,hashlib,9
os,contextlib,9
sys,contextlib,9
contextlib,os,9
contextlib,sys,9
time,ConfigParser,9
math,traceback,9
hashlib,urllib2,9
hashlib,codecs,9
hashlib,random,9
matplotlib,itertools,9
itertools,matplotlib,9
signal,datetime,9
socket,collections,9
collections,socket,9
datetime,signal,9
subprocess,distutils,9
distutils,subprocess,9
config,time,9
time,config,9
argparse,yaml,9
yaml,argparse,9
numpy,logging,9
logging,numpy,9
flask,__future__,9
__future__,flask,9
matplotlib,re,9
re,matplotlib,9
sklearn,math,9
math,sklearn,9
os,evdev,9
logging,evdev,9
evdev,os,9
evdev,logging,9
requests,pandas,8
pandas,requests,8
hashlib,subprocess,8
io,subprocess,8
subprocess,hashlib,8
subprocess,io,8
urllib2,subprocess,8
subprocess,urllib2,8
email,requests,8
multiprocessing,re,8
requests,email,8
re,multiprocessing,8
math,base64,8
base64,math,8
os,ctypes,8
struct,hashlib,8
ctypes,os,8
ctypes,sys,8
hashlib,struct,8
hashlib,threading,8
hashlib,socket,8
threading,hashlib,8
socket,hashlib,8
sys,ctypes,8
collections,csv,8
datetime,unittest,8
argparse,io,8
urllib,io,8
unittest,datetime,8
json,tempfile,8
csv,collections,8
tempfile,json,8
io,argparse,8
io,urllib,8
threading,flask,8
flask,threading,8
PyQt5,sys,8
sys,PyQt5,8
cv2,tensorflow,8
tensorflow,cv2,8
tensorflow,math,8
tensorflow,model,8
math,tensorflow,8
model,tensorflow,8
selenium,time,8
time,selenium,8
setuptools,argparse,8
argparse,setuptools,8
setuptools,struct,8
setuptools,errno,8
setuptools,functools,8
setuptools,ctypes,8
setuptools,tempfile,8
time,types,8
time,operator,8
time,sets,8
collections,hashlib,8
collections,itertools,8
collections,base64,8
collections,shutil,8
hashlib,collections,8
hashlib,errno,8
hashlib,sets,8
stat,os,8
struct,setuptools,8
struct,tempfile,8
io,errno,8
os,stat,8
types,time,8
itertools,collections,8
errno,setuptools,8
errno,hashlib,8
errno,io,8
errno,datetime,8
errno,base64,8
errno,StringIO,8
functools,setuptools,8
functools,warnings,8
zipfile,shutil,8
datetime,errno,8
datetime,importlib,8
datetime,platform,8
datetime,warnings,8
ctypes,setuptools,8
base64,collections,8
base64,errno,8
base64,tempfile,8
importlib,datetime,8
logging,imp,8
logging,warnings,8
logging,StringIO,8
email,shutil,8
email,StringIO,8
imp,logging,8
imp,re,8
__future__,platform,8
__future__,sets,8
shutil,collections,8
shutil,zipfile,8
shutil,email,8
shutil,django,8
shutil,warnings,8
django,shutil,8
tempfile,setuptools,8
tempfile,struct,8
tempfile,base64,8
operator,time,8
platform,datetime,8
platform,__future__,8
warnings,functools,8
warnings,datetime,8
warnings,logging,8
warnings,shutil,8
sets,time,8
sets,hashlib,8
sets,__future__,8
sets,re,8
StringIO,errno,8
StringIO,logging,8
StringIO,email,8
re,imp,8
re,sets,8
re,textwrap,8
textwrap,re,8
tensorflow,setuptools,8
setuptools,tensorflow,8
threading,collections,8
collections,threading,8
collections,math,8
math,collections,8
math,string,8
string,math,8
copy,datetime,8
struct,math,8
datetime,copy,8
math,struct,8
logging,traceback,8
traceback,logging,8
argparse,scipy,8
scipy,argparse,8
os,shlex,8
shlex,os,8
logging,lib,8
time,asyncio,8
lib,logging,8
asyncio,time,8
os,cStringIO,8
cStringIO,os,8
matplotlib,__future__,8
__future__,matplotlib,8
socket,argparse,8
argparse,socket,8
bs4,urllib,8
urllib,bs4,8
shutil,socket,8
shutil,urllib,8
errno,json,8
errno,subprocess,8
socket,shutil,8
socket,functools,8
functools,socket,8
sqlalchemy,datetime,8
urllib,shutil,8
requests,tempfile,8
json,errno,8
subprocess,errno,8
datetime,sqlalchemy,8
tempfile,requests,8
socket,email,8
logging,codecs,8
logging,inspect,8
base64,random,8
platform,json,8
simplejson,demjson3,8
simplejson,sys,8
json,platform,8
json,codecs,8
json,string,8
json,urlparse,8
email,socket,8
sqlite3,random,8
codecs,logging,8
codecs,json,8
codecs,random,8
codecs,datetime,8
io,random,8
string,json,8
warnings,requests,8
traceback,urllib,8
unittest,random,8
urllib,traceback,8
demjson3,simplejson,8
random,base64,8
random,sqlite3,8
random,codecs,8
random,io,8
random,unittest,8
requests,warnings,8
sys,simplejson,8
sys,urlparse,8
datetime,codecs,8
inspect,logging,8
inspect,time,8
urlparse,json,8
urlparse,sys,8
time,inspect,8
signal,re,8
re,signal,8
matplotlib,argparse,8
argparse,matplotlib,8
threading,argparse,8
argparse,threading,8
matplotlib,csv,8
csv,matplotlib,8
mypy,itertools,8
mypy,other,8
mypy,time,8
mypy,glob,8
itertools,mypy,8
other,mypy,8
time,mypy,8
glob,mypy,8
distutils,numpy,8
numpy,distutils,8
time,scipy,7
scipy,time,7
rest_framework,django,7
rest_framework,sys,7
django,rest_framework,7
sys,rest_framework,7
keras,matplotlib,7
matplotlib,keras,7
os,common,7
common,os,7
common,sys,7
sys,common,7
hashlib,flask,7
flask,hashlib,7
flask,subprocess,7
subprocess,flask,7
types,re,7
re,types,7
os,smtplib,7
email,smtplib,7
sqlite3,requests,7
smtplib,os,7
smtplib,email,7
requests,sqlite3,7
os,select,7
logging,ctypes,7
logging,string,7
struct,ctypes,7
time,ctypes,7
datetime,ctypes,7
ctypes,logging,7
ctypes,struct,7
ctypes,time,7
ctypes,datetime,7
ctypes,hashlib,7
hashlib,ctypes,7
hashlib,string,7
select,os,7
string,logging,7
string,hashlib,7
optparse,sys,7
sys,optparse,7
os,mock,7
urllib2,StringIO,7
mock,os,7
collections,StringIO,7
collections,tempfile,7
argparse,csv,7
argparse,tempfile,7
urllib,StringIO,7
StringIO,urllib2,7
StringIO,collections,7
StringIO,urllib,7
json,csv,7
csv,argparse,7
csv,json,7
tempfile,collections,7
tempfile,argparse,7
signal,json,7
json,signal,7
os,model,7
six,tensorflow,7
time,lib,7
lib,time,7
tensorflow,six,7
tensorflow,re,7
re,tensorflow,7
model,os,7
argparse,traceback,7
configparser,sys,7
traceback,argparse,7
sys,configparser,7
argparse,torch,7
torch,argparse,7
setuptools,math,7
unittest,math,7
math,setuptools,7
math,unittest,7
setuptools,itertools,7
setuptools,base64,7
setuptools,imp,7
setuptools,platform,7
setuptools,warnings,7
setuptools,StringIO,7
time,importlib,7
time,warnings,7
time,textwrap,7
collections,struct,7
collections,errno,7
collections,email,7
collections,django,7
hashlib,email,7
hashlib,platform,7
stat,shutil,7
struct,collections,7
struct,io,7
struct,errno,7
struct,functools,7
struct,platform,7
struct,warnings,7
struct,StringIO,7
io,struct,7
io,platform,7
pkgutil,os,7
os,pkgutil,7
types,datetime,7
types,logging,7
types,__future__,7
types,StringIO,7
itertools,setuptools,7
itertools,logging,7
itertools,__future__,7
errno,collections,7
errno,struct,7
errno,functools,7
errno,email,7
errno,shutil,7
functools,struct,7
functools,errno,7
functools,tempfile,7
functools,StringIO,7
datetime,types,7
ctypes,StringIO,7
ctypes,re,7
base64,setuptools,7
base64,platform,7
base64,warnings,7
base64,sets,7
importlib,time,7
importlib,shutil,7
importlib,re,7
logging,types,7
logging,itertools,7
logging,platform,7
logging,sets,7
email,collections,7
email,hashlib,7
email,errno,7
email,__future__,7
imp,setuptools,7
imp,__future__,7
__future__,types,7
__future__,itertools,7
__future__,email,7
__future__,imp,7
__future__,csv,7
shutil,stat,7
shutil,errno,7
shutil,importlib,7
shutil,platform,7
shutil,StringIO,7
django,collections,7
tempfile,functools,7
tempfile,warnings,7
platform,setuptools,7
platform,hashlib,7
platform,struct,7
platform,io,7
platform,base64,7
platform,logging,7
platform,shutil,7
platform,StringIO,7
warnings,setuptools,7
warnings,time,7
warnings,struct,7
warnings,base64,7
warnings,tempfile,7
sets,base64,7
sets,logging,7
sets,StringIO,7
StringIO,setuptools,7
StringIO,struct,7
StringIO,types,7
StringIO,functools,7
StringIO,ctypes,7
StringIO,shutil,7
StringIO,platform,7
StringIO,sets,7
csv,__future__,7
re,ctypes,7
re,importlib,7
textwrap,time,7
logging,asyncio,7
asyncio,logging,7
threading,math,7
bs4,urllib2,7
math,threading,7
math,urllib2,7
urllib2,bs4,7
urllib2,math,7
random,scipy,7
scipy,random,7
shlex,sys,7
sys,shlex,7
os,asyncio,7
logging,glob,7
glob,logging,7
asyncio,os,7
StringIO,cStringIO,7
cStringIO,StringIO,7
cStringIO,sys,7
sys,cStringIO,7
decimal,sys,7
sys,decimal,7
uuid,urllib,7
uuid,requests,7
uuid,sys,7
uuid,time,7
errno,requests,7
functools,urllib,7
functools,subprocess,7
sqlalchemy,requests,7
sqlalchemy,time,7
urllib,uuid,7
urllib,functools,7
urllib,flask,7
urllib,math,7
requests,uuid,7
requests,errno,7
requests,sqlalchemy,7
sys,uuid,7
subprocess,functools,7
subprocess,math,7
flask,urllib,7
time,uuid,7
time,sqlalchemy,7
math,urllib,7
math,subprocess,7
yaml,datetime,7
yaml,requests,7
datetime,yaml,7
requests,yaml,7
socket,platform,7
platform,socket,7
os,pprint,7
pprint,os,7
ConfigParser,logging,7
ConfigParser,subprocess,7
StringIO,socket,7
StringIO,codecs,7
StringIO,requests,7
socket,StringIO,7
socket,traceback,7
socket,setuptools,7
threading,base64,7
threading,__future__,7
logging,ConfigParser,7
logging,copy,7
base64,threading,7
base64,codecs,7
xml,time,7
platform,subprocess,7
simplejson,os,7
simplejson,time,7
json,struct,7
json,warnings,7
struct,json,7
struct,random,7
copy,logging,7
urllib2,__future__,7
urllib2,urlparse,7
subprocess,ConfigParser,7
subprocess,platform,7
subprocess,warnings,7
subprocess,traceback,7
subprocess,unittest,7
__future__,threading,7
__future__,urllib2,7
codecs,StringIO,7
codecs,base64,7
codecs,requests,7
io,traceback,7
warnings,json,7
warnings,subprocess,7
traceback,socket,7
traceback,subprocess,7
traceback,io,7
traceback,hashlib,7
setuptools,socket,7
setuptools,urllib,7
setuptools,random,7
unittest,subprocess,7
urllib,setuptools,7
urllib,urlparse,7
random,struct,7
random,setuptools,7
random,functools,7
re,urlparse,7
requests,StringIO,7
requests,codecs,7
os,simplejson,7
os,urlparse,7
pickle,math,7
functools,random,7
urlparse,urllib2,7
urlparse,urllib,7
urlparse,re,7
urlparse,os,7
contextlib,time,7
time,xml,7
time,simplejson,7
time,contextlib,7
math,pickle,7
hashlib,traceback,7
signal,subprocess,7
django,requests,7
typing,time,7
requests,django,7
subprocess,signal,7
time,typing,7
traceback,collections,7
collections,traceback,7
argparse,pandas,7
pandas,argparse,7
collections,copy,7
copy,collections,7
numpy,unittest,7
unittest,numpy,7
textwrap,site,7
usercustomize,site,7
sets,site,7
sitecustomize,site,7
distutils,site,7
__builtin__,site,7
site,textwrap,7
site,usercustomize,7
site,sets,7
site,sitecustomize,7
site,distutils,7
site,__builtin__,7
site,locale,7
site,site'',7
site,encodings,7
site,pydoc,7
site,codecs,7
site,builtins,7
locale,site,7
site'',site,7
encodings,site,7
pydoc,site,7
codecs,site,7
builtins,site,7
atexit,sys,7
sys,atexit,7
flask_sqlalchemy,sqlalchemy,7
sqlalchemy,flask_sqlalchemy,7
glob,datetime,7
datetime,glob,7
os,pylab,7
sklearn,pylab,7
pylab,os,7
pylab,sklearn,7
urllib,glob,7
glob,urllib,7
glob,collections,7
collections,glob,7
matplotlib,seaborn,7
numpy,seaborn,7
seaborn,matplotlib,7
seaborn,numpy,7
datetime,matplotlib,6
matplotlib,datetime,6
os,rest_framework,6
rest_framework,os,6
time,utils,6
utils,time,6
logging,bs4,6
logging,sqlite3,6
logging,math,6
bs4,logging,6
bs4,datetime,6
bs4,json,6
email,json,6
time,smtplib,6
sqlite3,logging,6
sqlite3,json,6
multiprocessing,requests,6
smtplib,time,6
smtplib,re,6
requests,multiprocessing,6
re,smtplib,6
math,logging,6
datetime,bs4,6
json,bs4,6
json,email,6
json,sqlite3,6
datetime,pickle,6
pickle,datetime,6
os,optparse,6
struct,select,6
time,select,6
ctypes,socket,6
select,struct,6
select,time,6
select,sys,6
threading,string,6
socket,ctypes,6
string,threading,6
optparse,os,6
sys,select,6
urllib2,argparse,6
argparse,urllib2,6
argparse,unittest,6
unittest,argparse,6
unittest,tempfile,6
csv,io,6
tempfile,unittest,6
io,csv,6
six,re,6
six,__future__,6
multiprocessing,random,6
zipfile,__future__,6
re,six,6
__future__,six,6
__future__,zipfile,6
random,multiprocessing,6
math,PIL,6
PIL,math,6
tensorflow,sklearn,6
sklearn,tensorflow,6
os,configparser,6
time,configparser,6
configparser,os,6
configparser,time,6
traceback,codecs,6
codecs,traceback,6
keras,sys,6
sys,keras,6
distutils,unittest,6
unittest,distutils,6
setuptools,pip,6
setuptools,email,6
setuptools,django,6
setuptools,sets,6
setuptools,textwrap,6
time,stat,6
collections,platform,6
collections,distutils,6
hashlib,stat,6
hashlib,types,6
hashlib,itertools,6
hashlib,imp,6
hashlib,django,6
hashlib,tempfile,6
hashlib,operator,6
hashlib,warnings,6
stat,time,6
stat,hashlib,6
stat,sys,6
struct,itertools,6
struct,email,6
struct,csv,6
io,types,6
io,ctypes,6
io,django,6
io,warnings,6
io,sets,6
pkgutil,base64,6
pkgutil,sys,6
os,operator,6
types,hashlib,6
types,io,6
types,errno,6
types,functools,6
types,base64,6
types,email,6
types,shutil,6
types,platform,6
types,sets,6
itertools,hashlib,6
itertools,struct,6
itertools,csv,6
errno,types,6
errno,ctypes,6
errno,tempfile,6
errno,platform,6
errno,warnings,6
errno,sets,6
functools,types,6
functools,ctypes,6
functools,importlib,6
functools,imp,6
functools,django,6
functools,platform,6
pip,setuptools,6
pip,re,6
datetime,pytz,6
datetime,sets,6
datetime,textwrap,6
ctypes,io,6
ctypes,errno,6
ctypes,functools,6
ctypes,base64,6
ctypes,email,6
ctypes,__future__,6
ctypes,platform,6
ctypes,sets,6
base64,pkgutil,6
base64,types,6
base64,ctypes,6
base64,imp,6
base64,django,6
importlib,functools,6
importlib,tempfile,6
logging,distutils,6
pytz,datetime,6
pytz,re,6
email,setuptools,6
email,struct,6
email,types,6
email,ctypes,6
email,platform,6
email,sets,6
imp,hashlib,6
imp,functools,6
imp,base64,6
imp,shutil,6
imp,tempfile,6
imp,platform,6
imp,warnings,6
__future__,ctypes,6
shutil,types,6
shutil,imp,6
shutil,distutils,6
shutil,textwrap,6
django,setuptools,6
django,hashlib,6
django,io,6
django,functools,6
django,base64,6
django,distutils,6
django,sets,6
tempfile,hashlib,6
tempfile,errno,6
tempfile,importlib,6
tempfile,imp,6
tempfile,distutils,6
operator,hashlib,6
operator,os,6
operator,re,6
platform,collections,6
platform,types,6
platform,errno,6
platform,functools,6
platform,ctypes,6
platform,email,6
platform,imp,6
platform,distutils,6
platform,warnings,6
platform,sets,6
distutils,collections,6
distutils,logging,6
distutils,shutil,6
distutils,django,6
distutils,tempfile,6
distutils,platform,6
warnings,hashlib,6
warnings,io,6
warnings,errno,6
warnings,imp,6
warnings,platform,6
warnings,StringIO,6
sets,setuptools,6
sets,io,6
sets,types,6
sets,errno,6
sets,datetime,6
sets,ctypes,6
sets,email,6
sets,django,6
sets,platform,6
StringIO,warnings,6
csv,struct,6
csv,itertools,6
re,pip,6
re,pytz,6
re,operator,6
sys,stat,6
sys,pkgutil,6
textwrap,setuptools,6
textwrap,datetime,6
textwrap,shutil,6
os,jinja2,6
jinja2,os,6
discord,asyncio,6
asyncio,discord,6
argparse,cv2,6
cv2,argparse,6
itertools,math,6
threading,sets,6
bs4,random,6
pylab,math,6
sets,threading,6
sets,random,6
time,Queue,6
csv,random,6
csv,math,6
Queue,time,6
Queue,re,6
Queue,sys,6
requests,string,6
re,Queue,6
random,bs4,6
random,sets,6
random,csv,6
math,itertools,6
math,pylab,6
math,csv,6
sys,Queue,6
urllib2,string,6
string,requests,6
string,urllib2,6
lib,argparse,6
argparse,lib,6
asyncio,sys,6
sys,asyncio,6
matplotlib,json,6
json,matplotlib,6
re,cStringIO,6
re,xml,6
__future__,cStringIO,6
cStringIO,re,6
cStringIO,__future__,6
json,xml,6
xml,re,6
xml,json,6
scipy,__future__,6
__future__,scipy,6
socket,math,6
math,socket,6
os,http,6
http,os,6
inspect,re,6
re,inspect,6
uuid,subprocess,6
uuid,flask,6
socket,flask,6
socket,tempfile,6
sqlalchemy,urllib,6
sqlalchemy,json,6
urllib,sqlalchemy,6
mimetypes,os,6
json,sqlalchemy,6
os,mimetypes,6
subprocess,uuid,6
flask,uuid,6
flask,socket,6
tempfile,socket,6
functools,threading,6
serial,time,6
threading,functools,6
time,serial,6
yaml,json,6
flask,config,6
config,flask,6
config,json,6
copy,requests,6
copy,hashlib,6
requests,copy,6
json,yaml,6
json,config,6
hashlib,copy,6
sys,serial,6
serial,sys,6
keras,tensorflow,6
tensorflow,keras,6
flask,random,6
random,flask,6
ConfigParser,re,6
StringIO,threading,6
StringIO,simplejson,6
StringIO,sqlite3,6
StringIO,demjson3,6
StringIO,random,6
StringIO,urlparse,6
socket,urllib2,6
threading,StringIO,6
threading,simplejson,6
threading,codecs,6
threading,traceback,6
threading,setuptools,6
threading,unittest,6
logging,urllib2,6
logging,pickle,6
xml,random,6
httplib,time,6
platform,urllib,6
simplejson,StringIO,6
simplejson,threading,6
simplejson,sqlite3,6
simplejson,subprocess,6
simplejson,__future__,6
simplejson,cStringIO,6
simplejson,re,6
simplejson,datetime,6
json,sets,6
decimal,os,6
struct,subprocess,6
struct,requests,6
md5,os,6
email,subprocess,6
email,urllib,6
email,random,6
copy,traceback,6
copy,functools,6
shutil,unittest,6
shutil,contextlib,6
urllib2,socket,6
urllib2,logging,6
common,time,6
sqlite3,StringIO,6
sqlite3,simplejson,6
sqlite3,demjson3,6
xbmcgui,sys,6
subprocess,simplejson,6
subprocess,struct,6
subprocess,email,6
subprocess,cStringIO,6
__future__,simplejson,6
codecs,threading,6
codecs,io,6
codecs,functools,6
codecs,ctypes,6
io,codecs,6
string,urllib,6
cStringIO,simplejson,6
cStringIO,subprocess,6
cStringIO,demjson3,6
cStringIO,time,6
traceback,threading,6
traceback,copy,6
traceback,setuptools,6
traceback,unittest,6
traceback,functools,6
setuptools,threading,6
setuptools,traceback,6
setuptools,contextlib,6
gzip,sys,6
gzip,time,6
unittest,threading,6
unittest,shutil,6
unittest,traceback,6
urllib,platform,6
urllib,email,6
urllib,string,6
demjson3,StringIO,6
demjson3,sqlite3,6
demjson3,cStringIO,6
random,StringIO,6
random,xml,6
random,email,6
random,urlparse,6
re,ConfigParser,6
re,simplejson,6
re,pickle,6
requests,struct,6
os,decimal,6
os,md5,6
sys,xbmcgui,6
sys,gzip,6
datetime,simplejson,6
sets,json,6
pickle,logging,6
pickle,re,6
functools,copy,6
functools,codecs,6
functools,traceback,6
ctypes,codecs,6
urlparse,StringIO,6
urlparse,random,6
urlparse,time,6
contextlib,shutil,6
contextlib,setuptools,6
time,httplib,6
time,common,6
time,cStringIO,6
time,gzip,6
time,urlparse,6
sklearn,itertools,6
itertools,sklearn,6
shutil,signal,6
signal,shutil,6
signal,collections,6
logging,typing,6
collections,signal,6
typing,logging,6
sqlalchemy,pytest,6
logging,alembic,6
alembic,logging,6
alembic,flask,6
collections,flask,6
pytest,sqlalchemy,6
flask,alembic,6
flask,collections,6
collections,pickle,6
pickle,collections,6
os,selenium,6
selenium,os,6
logging,utils,6
utils,logging,6
textwrap,numpy,6
numpy,textwrap,6
tensorflow,shutil,6
shutil,tensorflow,6
warnings,numpy,6
numpy,warnings,6
yaml,subprocess,6
subprocess,yaml,6
__future__,pytest,6
pytest,__future__,6
atexit,os,6
os,atexit,6
keras,sklearn,6
sklearn,keras,6
glob,json,6
json,glob,6
sklearn,re,6
re,sklearn,6
csv,pandas,6
pandas,csv,6
distutils,json,6
json,distutils,6
copy,itertools,6
itertools,copy,6
socket,glob,6
glob,socket,6
pandas,seaborn,6
seaborn,pandas,6
yaml,collections,6
collections,yaml,6
sqlalchemy,flask_script,6
flask_script,sqlalchemy,6
numpy,struct,6
struct,numpy,6
argparse,base64,6
base64,argparse,6
functools,numpy,6
numpy,functools,6
os,voluptuous,6
sys,evdev,6
logging,voluptuous,6
time,evdev,6
voluptuous,os,6
voluptuous,logging,6
voluptuous,evdev,6
evdev,sys,6
evdev,time,6
evdev,voluptuous,6
pygame,numpy,6
numpy,pygame,6
numpy,Functions,6
Functions,numpy,6
